performer_id,performer_name
K8vZ9171uq0,Paul McCartney
K8vZ917GSz7,Imagine Dragons
K8vZ917hm7f,Elyanna
K8vZ917jskV,Martín
K8vZ917hKfV,Kadec Santa Ana
K8vZ917GeDV,Lucha Libre Mexicana
K8vZ9174Yp7,J. Bernardt
K8vZ917bRsf,Griff
K8vZ917hTg7,Matinee Gold
K8vZ917q-PV,Rebeka Brown
K8vZ917q-P0,Taito Tikaro
K8vZ917qx1f,Andre Vicenzzo
K8vZ917qx10,Lydia Sanz
K8vZ917qx1V,Flavio Zarza
K8vZ917q-J7,Iordee
K8vZ917qx57,J Louis
K8vZ917o-aV,John Williams
K8vZ917be9f,ROLE MODEL
K8vZ917jSFf,Andrés Koi
K8vZ917135f,Rod Stewart
K8vZ917_hEf,Jay Wheeler
K8vZ9171hUV,Black Eyed Peas
K8vZ917hgxV,Christmas by Starlite
K8vZ9174lO7,Taburete
K8vZ917_W80,Maria Becerra
K8vZ917_EUf,Paula Cendejas
K8vZ917hrZ0,Milo J
K8vZ917oN2V,Spencer Sutherland
K8vZ917CJ3f,Katherine Ryan
K8vZ917pL1f,Polo & Pan
K8vZ9174j7V,Slimane
K8vZ9179sF7,Omar Rudberg
K8vZ9175PN0,Franz Ferdinand
K8vZ917jQu0,Kikuo
K8vZ917QghV,Matt Hansen
K8vZ917pfHf,Rels B
K8vZ917bktV,almost monday
K8vZ917Kmwf,Lawrence
K8vZ9174ZZ0,Alec Benjamin
K8vZ917fQVV,Alan Walker
K8vZ917QQn7,aespa
K8vZ9175n0f,Anastacia
K8vZ917j2I7,Nemo
K8vZ9175U3f,Cirque du Soleil : Corteo
K8vZ9171o7f,Cirque du Soleil
K8vZ91780nf,Gavin James
K8vZ917jOcf,FINAL FANTASY VII REBIRTH Orchestra World Tour
K8vZ917_HH0,Morad
K8vZ917jYR7,Baby Lasagna
K8vZ91712uf,Lenny Kravitz
K8vZ9172ILf,Queen Extravaganza
K8vZ917Gkz0,Diego Torres
K8vZ91788J0,Luka Sulic
K8vZ9179pMf,Inhaler
K8vZ917ukw7,Twenty One Pilots
K8vZ9174F10,WARHAUS
K8vZ917u1F7,The Lumineers
K8vZ917ofH0,GHOST
K8vZ917QtDV,Morgan Jay
K8vZ9179WA7,Only the Poets
K8vZ9173lg7,AURORA
K8vZ917bcy0,Tate McRae
K8vZ9171F7V,Pixies
K8vZ917fAG7,Dua Lipa
K8vZ9178Q5V,La Femme
K8vZ917CAQV,Ed Sheeran
K8vZ917qOKV,Erreway
K8vZ9174Za7,Billie Eilish
K8vZ917j6x0,Ado
K8vZ917Q0hV,Maya Hawke
K8vZ91713gf,Weezer
K8vZ9171K37,Alanis Morissette
K8vZ9179Vpf,Stray Kids
K8vZ91715SV,Lionel Richie
K8vZ917bvf7,Duki
K8vZ9171hN7,Jamiroquai
K8vZ917Gah0,OneRepublic
