artist_id,name,type,locale,external_links
K8vZ9171uq0,Paul McCartney,attraction,en-us,"{'youtube': [{'url': 'https://www.youtube.com/user/PAULMCCARTNEY'}], 'twitter': [{'url': 'https://twitter.com/PaulMcCartney'}], 'lastfm': [{'url': 'http://www.last.fm/music/Paul+McCartney'}], 'facebook': [{'url': 'https://www.facebook.com/PaulMcCartney'}], 'wiki': [{'url': 'https://en.wikipedia.org/wiki/Paul_McCartney'}], 'musicbrainz': [{'id': 'ba550d0e-adac-4864-b88b-407cab5e76af'}], 'homepage': [{'url': 'http://www.paulmccartney.com/'}]}"
K8vZ9171uq0,Paul McCartney,attraction,en-us,"{'youtube': [{'url': 'https://www.youtube.com/user/PAULMCCARTNEY'}], 'twitter': [{'url': 'https://twitter.com/PaulMcCartney'}], 'lastfm': [{'url': 'http://www.last.fm/music/Paul+McCartney'}], 'facebook': [{'url': 'https://www.facebook.com/PaulMcCartney'}], 'wiki': [{'url': 'https://en.wikipedia.org/wiki/Paul_McCartney'}], 'musicbrainz': [{'id': 'ba550d0e-adac-4864-b88b-407cab5e76af'}], 'homepage': [{'url': 'http://www.paulmccartney.com/'}]}"
K8vZ917GSz7,Imagine Dragons,attraction,en-us,"{'youtube': [{'url': 'https://www.youtube.com/user/ImagineDragonsVEVO'}], 'twitter': [{'url': 'https://twitter.com/Imaginedragons'}], 'lastfm': [{'url': 'http://www.last.fm/music/Imagine+Dragons'}], 'facebook': [{'url': 'https://www.facebook.com/ImagineDragons'}], 'wiki': [{'url': 'https://en.wikipedia.org/wiki/Imagine_Dragons'}], 'instagram': [{'url': 'http://instagram.com/imaginedragons/'}, {'url': 'http://instagram.com/imaginedragons'}], 'musicbrainz': [{'id': '012151a8-0f9a-44c9-997f-ebd68b5389f9'}], 'homepage': [{'url': 'http://www.imaginedragonsmusic.com/'}]}"
K8vZ917GSz7,Imagine Dragons,attraction,en-us,"{'youtube': [{'url': 'https://www.youtube.com/user/ImagineDragonsVEVO'}], 'twitter': [{'url': 'https://twitter.com/Imaginedragons'}], 'lastfm': [{'url': 'http://www.last.fm/music/Imagine+Dragons'}], 'facebook': [{'url': 'https://www.facebook.com/ImagineDragons'}], 'wiki': [{'url': 'https://en.wikipedia.org/wiki/Imagine_Dragons'}], 'instagram': [{'url': 'http://instagram.com/imaginedragons/'}, {'url': 'http://instagram.com/imaginedragons'}], 'musicbrainz': [{'id': '012151a8-0f9a-44c9-997f-ebd68b5389f9'}], 'homepage': [{'url': 'http://www.imaginedragonsmusic.com/'}]}"
K8vZ917GSz7,Imagine Dragons,attraction,en-us,"{'youtube': [{'url': 'https://www.youtube.com/user/ImagineDragonsVEVO'}], 'twitter': [{'url': 'https://twitter.com/Imaginedragons'}], 'lastfm': [{'url': 'http://www.last.fm/music/Imagine+Dragons'}], 'facebook': [{'url': 'https://www.facebook.com/ImagineDragons'}], 'wiki': [{'url': 'https://en.wikipedia.org/wiki/Imagine_Dragons'}], 'instagram': [{'url': 'http://instagram.com/imaginedragons/'}, {'url': 'http://instagram.com/imaginedragons'}], 'musicbrainz': [{'id': '012151a8-0f9a-44c9-997f-ebd68b5389f9'}], 'homepage': [{'url': 'http://www.imaginedragonsmusic.com/'}]}"
K8vZ917GSz7,Imagine Dragons,attraction,en-us,"{'youtube': [{'url': 'https://www.youtube.com/user/ImagineDragonsVEVO'}], 'twitter': [{'url': 'https://twitter.com/Imaginedragons'}], 'lastfm': [{'url': 'http://www.last.fm/music/Imagine+Dragons'}], 'facebook': [{'url': 'https://www.facebook.com/ImagineDragons'}], 'wiki': [{'url': 'https://en.wikipedia.org/wiki/Imagine_Dragons'}], 'instagram': [{'url': 'http://instagram.com/imaginedragons/'}, {'url': 'http://instagram.com/imaginedragons'}], 'musicbrainz': [{'id': '012151a8-0f9a-44c9-997f-ebd68b5389f9'}], 'homepage': [{'url': 'http://www.imaginedragonsmusic.com/'}]}"
K8vZ9174Yp7,J. Bernardt,attraction,en-us,"{'youtube': [{'url': 'https://www.youtube.com/channel/UCZ9YR_xnFoZxBvb3D07ywKg'}], 'twitter': [{'url': 'http://twitter.com/j_bernardt'}], 'itunes': [{'url': 'https://music.apple.com/ca/artist/j-bernardt/1173736746'}], 'spotify': [{'url': 'https://open.spotify.com/artist/6LiV1FV5nwdp3k6n3LMoQn?autoplay=true'}], 'facebook': [{'url': 'http://facebook.com/JBernardtmusic'}], 'instagram': [{'url': 'http://instagram.com/j.bernardt'}], 'homepage': [{'url': 'http://jbernardt.com/'}]}"
K8vZ917bRsf,Griff,attraction,en-us,"{'youtube': [{'url': 'https://www.youtube.com/channel/UCIY8ucMI3c54m9P35x6UZOw'}], 'twitter': [{'url': 'https://twitter.com/wiffygriffy'}], 'itunes': [{'url': 'https://music.apple.com/us/artist/griff/1472442704'}], 'spotify': [{'url': 'https://open.spotify.com/artist/5RJFJWYgtgWktosLrUDzff?autoplay=true'}], 'facebook': [{'url': 'https://www.facebook.com/WiffyGriffy/'}], 'instagram': [{'url': 'https://www.instagram.com/wiffygriffy/?hl=en'}], 'homepage': [{'url': 'https://www.officialgriff.com/'}]}"
K8vZ9174Yp7,J. Bernardt,attraction,en-us,"{'youtube': [{'url': 'https://www.youtube.com/channel/UCZ9YR_xnFoZxBvb3D07ywKg'}], 'twitter': [{'url': 'http://twitter.com/j_bernardt'}], 'itunes': [{'url': 'https://music.apple.com/ca/artist/j-bernardt/1173736746'}], 'spotify': [{'url': 'https://open.spotify.com/artist/6LiV1FV5nwdp3k6n3LMoQn?autoplay=true'}], 'facebook': [{'url': 'http://facebook.com/JBernardtmusic'}], 'instagram': [{'url': 'http://instagram.com/j.bernardt'}], 'homepage': [{'url': 'http://jbernardt.com/'}]}"
K8vZ917bRsf,Griff,attraction,en-us,"{'youtube': [{'url': 'https://www.youtube.com/channel/UCIY8ucMI3c54m9P35x6UZOw'}], 'twitter': [{'url': 'https://twitter.com/wiffygriffy'}], 'itunes': [{'url': 'https://music.apple.com/us/artist/griff/1472442704'}], 'spotify': [{'url': 'https://open.spotify.com/artist/5RJFJWYgtgWktosLrUDzff?autoplay=true'}], 'facebook': [{'url': 'https://www.facebook.com/WiffyGriffy/'}], 'instagram': [{'url': 'https://www.instagram.com/wiffygriffy/?hl=en'}], 'homepage': [{'url': 'https://www.officialgriff.com/'}]}"
K8vZ917hTg7,Matinee Gold,attraction,en-us,{}
K8vZ917q-PV,Rebeka Brown,attraction,en-us,{}
K8vZ917q-P0,Taito Tikaro,attraction,en-us,{}
K8vZ917qx1f,Andre Vicenzzo,attraction,en-us,{}
K8vZ917qx10,Lydia Sanz,attraction,en-us,{}
K8vZ917qx1V,Flavio Zarza,attraction,en-us,{}
K8vZ917q-J7,Iordee,attraction,en-us,{}
K8vZ917qx57,J Louis,attraction,en-us,{}
K8vZ917o-aV,John Williams,attraction,en-us,{}
K8vZ917be9f,ROLE MODEL,attraction,en-us,"{'youtube': [{'url': 'https://www.youtube.com/channel/UCdOhfm1fXKUI1xjghB0TQ0Q'}], 'twitter': [{'url': 'https://twitter.com/rolemodel'}], 'itunes': [{'url': 'https://music.apple.com/artist/role-model/199215762'}], 'spotify': [{'url': 'https://open.spotify.com/artist/1dy5WNgIKQU6ezkpZs4y8z'}], 'facebook': [{'url': 'https://www.facebook.com/heyrolemodel/'}], 'instagram': [{'url': 'https://www.instagram.com/rolemodel/'}], 'homepage': [{'url': 'https://www.heyrolemodel.com/'}]}"
K8vZ917be9f,ROLE MODEL,attraction,en-us,"{'youtube': [{'url': 'https://www.youtube.com/channel/UCdOhfm1fXKUI1xjghB0TQ0Q'}], 'twitter': [{'url': 'https://twitter.com/rolemodel'}], 'itunes': [{'url': 'https://music.apple.com/artist/role-model/199215762'}], 'spotify': [{'url': 'https://open.spotify.com/artist/1dy5WNgIKQU6ezkpZs4y8z'}], 'facebook': [{'url': 'https://www.facebook.com/heyrolemodel/'}], 'instagram': [{'url': 'https://www.instagram.com/rolemodel/'}], 'homepage': [{'url': 'https://www.heyrolemodel.com/'}]}"
K8vZ917jSFf,Andrés Koi,attraction,en-us,{}
K8vZ917135f,Rod Stewart,attraction,en-us,"{'youtube': [{'url': 'https://www.youtube.com/channel/UCm09uYWfEygr5gWjDm9xmUA'}], 'twitter': [{'url': 'https://twitter.com/rodstewart'}], 'itunes': [{'url': 'https://music.apple.com/us/artist/rod-stewart/57471'}], 'lastfm': [{'url': 'https://www.last.fm/music/Rod+Stewart'}], 'spotify': [{'url': 'https://open.spotify.com/artist/2y8Jo9CKhJvtfeKOsYzRdT'}], 'wiki': [{'url': 'https://en.wikipedia.org/wiki/Rod_Stewart'}], 'facebook': [{'url': 'https://www.facebook.com/rodstewart'}], 'instagram': [{'url': 'https://www.instagram.com/sirrodstewart/'}], 'musicbrainz': [{'id': 'a35237a0-4f47-40a6-b6f3-1e786db23402', 'url': 'https://musicbrainz.org/artist/a35237a0-4f47-40a6-b6f3-1e786db23402'}], 'homepage': [{'url': 'http://www.rodstewart.com/'}]}"
K8vZ917jSFf,Andrés Koi,attraction,en-us,{}
K8vZ917135f,Rod Stewart,attraction,en-us,"{'youtube': [{'url': 'https://www.youtube.com/channel/UCm09uYWfEygr5gWjDm9xmUA'}], 'twitter': [{'url': 'https://twitter.com/rodstewart'}], 'itunes': [{'url': 'https://music.apple.com/us/artist/rod-stewart/57471'}], 'lastfm': [{'url': 'https://www.last.fm/music/Rod+Stewart'}], 'spotify': [{'url': 'https://open.spotify.com/artist/2y8Jo9CKhJvtfeKOsYzRdT'}], 'wiki': [{'url': 'https://en.wikipedia.org/wiki/Rod_Stewart'}], 'facebook': [{'url': 'https://www.facebook.com/rodstewart'}], 'instagram': [{'url': 'https://www.instagram.com/sirrodstewart/'}], 'musicbrainz': [{'id': 'a35237a0-4f47-40a6-b6f3-1e786db23402', 'url': 'https://musicbrainz.org/artist/a35237a0-4f47-40a6-b6f3-1e786db23402'}], 'homepage': [{'url': 'http://www.rodstewart.com/'}]}"
K8vZ917_hEf,Jay Wheeler,attraction,en-us,{}
K8vZ9171hUV,Black Eyed Peas,attraction,en-us,"{'youtube': [{'url': 'https://www.youtube.com/user/BlackEyedPeasVEVO'}], 'twitter': [{'url': 'https://twitter.com/bep'}], 'itunes': [{'url': 'https://music.apple.com/us/artist/black-eyed-peas/360391'}], 'lastfm': [{'url': 'http://www.last.fm/music/Black+Eyed+Peas'}], 'spotify': [{'url': 'https://open.spotify.com/artist/1yxSLGMDHlW21z4YXirZDS'}], 'facebook': [{'url': 'https://www.facebook.com/blackeyedpeas'}], 'instagram': [{'url': 'https://www.instagram.com/blackeyedpeas/'}], 'musicbrainz': [{'id': 'd5be5333-4171-427e-8e12-732087c6b78e', 'url': 'https://musicbrainz.org/artist/d5be5333-4171-427e-8e12-732087c6b78e'}], 'homepage': [{'url': 'http://www.blackeyedpeas.com/'}]}"
K8vZ917hgxV,Christmas by Starlite,attraction,en-us,{}
K8vZ9174lO7,Taburete,attraction,en-us,"{'youtube': [{'url': 'https://www.youtube.com/channel/UCb8qec_AXExj5rE0YnEDINg'}], 'itunes': [{'url': 'https://music.apple.com/ca/artist/taburete/1036279884'}], 'spotify': [{'url': 'https://open.spotify.com/artist/40Ippe6JeofRURQ4nbF8DT?autoplay=true'}], 'instagram': [{'url': 'https://www.instagram.com/taburetegram/'}], 'homepage': [{'url': 'https://www.taburete.club/'}]}"
K8vZ917hgxV,Christmas by Starlite,attraction,en-us,{}
K8vZ917_W80,Maria Becerra,attraction,en-us,{}
K8vZ917_W80,Maria Becerra,attraction,en-us,{}
K8vZ917_EUf,Paula Cendejas,attraction,en-us,{}
K8vZ917_EUf,Paula Cendejas,attraction,en-us,{}
K8vZ917hrZ0,Milo J,attraction,en-us,{}
K8vZ917hrZ0,Milo J,attraction,en-us,{}
K8vZ917oN2V,Spencer Sutherland,attraction,en-us,"{'youtube': [{'url': 'https://www.youtube.com/user/amPm257'}], 'twitter': [{'url': 'https://twitter.com/Spencermusic'}], 'itunes': [{'url': 'https://music.apple.com/us/artist/spencer-sutherland/769508624'}], 'spotify': [{'url': 'https://open.spotify.com/artist/6mjz3NMhNE5SK7GsbJIg6C?si=xxA7XiLPR4ez5arT78m1Sg&nd=1'}], 'facebook': [{'url': 'https://www.facebook.com/SpencerSutherlandOfficial'}], 'instagram': [{'url': 'https://www.instagram.com/spencermusic/'}], 'musicbrainz': [{'id': '638b7a60-2ff3-45c2-aaaa-a98757eae873', 'url': 'https://musicbrainz.org/artist/638b7a60-2ff3-45c2-aaaa-a98757eae873'}], 'homepage': [{'url': 'http://spencersutherland.com/'}]}"
K8vZ917oN2V,Spencer Sutherland,attraction,en-us,"{'youtube': [{'url': 'https://www.youtube.com/user/amPm257'}], 'twitter': [{'url': 'https://twitter.com/Spencermusic'}], 'itunes': [{'url': 'https://music.apple.com/us/artist/spencer-sutherland/769508624'}], 'spotify': [{'url': 'https://open.spotify.com/artist/6mjz3NMhNE5SK7GsbJIg6C?si=xxA7XiLPR4ez5arT78m1Sg&nd=1'}], 'facebook': [{'url': 'https://www.facebook.com/SpencerSutherlandOfficial'}], 'instagram': [{'url': 'https://www.instagram.com/spencermusic/'}], 'musicbrainz': [{'id': '638b7a60-2ff3-45c2-aaaa-a98757eae873', 'url': 'https://musicbrainz.org/artist/638b7a60-2ff3-45c2-aaaa-a98757eae873'}], 'homepage': [{'url': 'http://spencersutherland.com/'}]}"
K8vZ917CJ3f,Katherine Ryan,attraction,en-us,{}
K8vZ917pL1f,Polo & Pan,attraction,en-us,"{'youtube': [{'url': 'https://www.youtube.com/user/POLOandPANofficial'}], 'twitter': [{'url': 'https://twitter.com/Polo_and_Pan'}], 'itunes': [{'url': 'https://music.apple.com/us/artist/polo-pan/652304906'}], 'spotify': [{'url': 'https://open.spotify.com/artist/45yEuthJ9yq1rNXAOpBnqM'}], 'facebook': [{'url': 'https://www.facebook.com/polopan.music/'}], 'instagram': [{'url': 'https://www.instagram.com/poloandpan/'}], 'homepage': [{'url': 'http://www.poloandpanmusic.com/'}]}"
K8vZ9174j7V,Slimane,attraction,en-us,"{'youtube': [{'url': 'https://www.youtube.com/channel/UChvOLOXJLQrUW_g9wvYAVLw'}], 'twitter': [{'url': 'https://twitter.com/Slimaneoff'}], 'spotify': [{'url': 'https://open.spotify.com/artist/4OV6uYSnHxSYkjDYuBVBUz?autoplay=true'}], 'wiki': [{'url': 'https://fr.wikipedia.org/wiki/Slimane_Nebchi'}], 'facebook': [{'url': 'https://www.facebook.com/slimaneoff'}], 'instagram': [{'url': 'https://www.instagram.com/slimane/'}], 'musicbrainz': [{'id': '26358518-6dac-4c5c-94d3-de849206097b', 'url': 'https://musicbrainz.org/artist/26358518-6dac-4c5c-94d3-de849206097b'}]}"
K8vZ917pL1f,Polo & Pan,attraction,en-us,"{'youtube': [{'url': 'https://www.youtube.com/user/POLOandPANofficial'}], 'twitter': [{'url': 'https://twitter.com/Polo_and_Pan'}], 'itunes': [{'url': 'https://music.apple.com/us/artist/polo-pan/652304906'}], 'spotify': [{'url': 'https://open.spotify.com/artist/45yEuthJ9yq1rNXAOpBnqM'}], 'facebook': [{'url': 'https://www.facebook.com/polopan.music/'}], 'instagram': [{'url': 'https://www.instagram.com/poloandpan/'}], 'homepage': [{'url': 'http://www.poloandpanmusic.com/'}]}"
K8vZ9179sF7,Omar Rudberg,attraction,en-us,{}
K8vZ917_EUf,Paula Cendejas,attraction,en-us,{}
K8vZ9175PN0,Franz Ferdinand,attraction,en-us,"{'youtube': [{'url': 'https://www.youtube.com/user/franzferdinand'}], 'twitter': [{'url': 'https://twitter.com/Franz_Ferdinand'}], 'lastfm': [{'url': 'http://www.last.fm/music/Franz+Ferdinand'}], 'facebook': [{'url': 'https://www.facebook.com/officialfranzferdinand'}], 'wiki': [{'url': 'https://en.wikipedia.org/wiki/Franz_Ferdinand_(band)'}], 'instagram': [{'url': 'https://instagram.com/franz_ferdinand/'}, {'url': 'https://instagram.com/franz_ferdinand'}], 'musicbrainz': [{'id': 'aa7a2827-f74b-473c-bd79-03d065835cf7'}], 'homepage': [{'url': 'http://www.franzferdinand.co.uk/'}]}"
K8vZ9179sF7,Omar Rudberg,attraction,en-us,{}
K8vZ917jQu0,Kikuo,attraction,en-us,{}
K8vZ9175PN0,Franz Ferdinand,attraction,en-us,"{'youtube': [{'url': 'https://www.youtube.com/user/franzferdinand'}], 'twitter': [{'url': 'https://twitter.com/Franz_Ferdinand'}], 'lastfm': [{'url': 'http://www.last.fm/music/Franz+Ferdinand'}], 'facebook': [{'url': 'https://www.facebook.com/officialfranzferdinand'}], 'wiki': [{'url': 'https://en.wikipedia.org/wiki/Franz_Ferdinand_(band)'}], 'instagram': [{'url': 'https://instagram.com/franz_ferdinand/'}, {'url': 'https://instagram.com/franz_ferdinand'}], 'musicbrainz': [{'id': 'aa7a2827-f74b-473c-bd79-03d065835cf7'}], 'homepage': [{'url': 'http://www.franzferdinand.co.uk/'}]}"
K8vZ9175PN0,Franz Ferdinand,attraction,en-us,"{'youtube': [{'url': 'https://www.youtube.com/user/franzferdinand'}], 'twitter': [{'url': 'https://twitter.com/Franz_Ferdinand'}], 'lastfm': [{'url': 'http://www.last.fm/music/Franz+Ferdinand'}], 'facebook': [{'url': 'https://www.facebook.com/officialfranzferdinand'}], 'wiki': [{'url': 'https://en.wikipedia.org/wiki/Franz_Ferdinand_(band)'}], 'instagram': [{'url': 'https://instagram.com/franz_ferdinand/'}, {'url': 'https://instagram.com/franz_ferdinand'}], 'musicbrainz': [{'id': 'aa7a2827-f74b-473c-bd79-03d065835cf7'}], 'homepage': [{'url': 'http://www.franzferdinand.co.uk/'}]}"
K8vZ917QghV,Matt Hansen,attraction,en-us,"{'spotify': [{'url': 'https://open.spotify.com/artist/6wlhqnATSJIc0NQ64VxOVJ?si=xWkFOjNRQ2OUHuHfkbYgeA&nd=1'}], 'facebook': [{'url': 'https://www.facebook.com/matthansenmusic/'}], 'instagram': [{'url': 'https://www.instagram.com/matthansenmusic/'}]}"
K8vZ917_EUf,Paula Cendejas,attraction,en-us,{}
K8vZ917_EUf,Paula Cendejas,attraction,en-us,{}
K8vZ917pfHf,Rels B,attraction,en-us,{}
K8vZ917pfHf,Rels B,attraction,en-us,{}
K8vZ917bktV,almost monday,attraction,en-us,"{'youtube': [{'url': 'https://www.youtube.com/c/almostmonday'}], 'twitter': [{'url': 'https://twitter.com/ALMOSTMONDAYY'}], 'itunes': [{'url': 'https://music.apple.com/in/artist/almost-monday/1300723925'}], 'facebook': [{'url': 'https://www.facebook.com/almostmonday'}], 'spotify': [{'url': 'https://open.spotify.com/artist/42FzVuyJH8YbkhzWSR2n8E'}], 'instagram': [{'url': 'https://www.instagram.com/almostmonday/'}], 'homepage': [{'url': 'http://almostmonday.com'}]}"
K8vZ917bktV,almost monday,attraction,en-us,"{'youtube': [{'url': 'https://www.youtube.com/c/almostmonday'}], 'twitter': [{'url': 'https://twitter.com/ALMOSTMONDAYY'}], 'itunes': [{'url': 'https://music.apple.com/in/artist/almost-monday/1300723925'}], 'facebook': [{'url': 'https://www.facebook.com/almostmonday'}], 'spotify': [{'url': 'https://open.spotify.com/artist/42FzVuyJH8YbkhzWSR2n8E'}], 'instagram': [{'url': 'https://www.instagram.com/almostmonday/'}], 'homepage': [{'url': 'http://almostmonday.com'}]}"
K8vZ917_EUf,Paula Cendejas,attraction,en-us,{}
K8vZ917pfHf,Rels B,attraction,en-us,{}
K8vZ917pfHf,Rels B,attraction,en-us,{}
K8vZ917Kmwf,Lawrence,attraction,en-us,"{'youtube': [{'url': 'https://www.youtube.com/channel/UCr5v6l4EIKiImmJU-COJ0Sg'}], 'twitter': [{'url': 'https://twitter.com/lawrencetheband'}], 'itunes': [{'url': 'https://music.apple.com/us/artist/lawrence/1087075288'}], 'spotify': [{'url': 'https://open.spotify.com/artist/5rwUYLyUq8gBsVaOUcUxpE?autoplay=true'}], 'facebook': [{'url': 'https://www.facebook.com/lawrencetheband'}], 'instagram': [{'url': 'https://www.instagram.com/lawrencetheband/'}], 'musicbrainz': [{'id': '819a9744-627b-4bf5-92e9-f894b0f252e6', 'url': 'https://musicbrainz.org/artist/819a9744-627b-4bf5-92e9-f894b0f252e6'}], 'homepage': [{'url': 'https://lawrencetheband.com/'}]}"
K8vZ917bktV,almost monday,attraction,en-us,"{'youtube': [{'url': 'https://www.youtube.com/c/almostmonday'}], 'twitter': [{'url': 'https://twitter.com/ALMOSTMONDAYY'}], 'itunes': [{'url': 'https://music.apple.com/in/artist/almost-monday/1300723925'}], 'facebook': [{'url': 'https://www.facebook.com/almostmonday'}], 'spotify': [{'url': 'https://open.spotify.com/artist/42FzVuyJH8YbkhzWSR2n8E'}], 'instagram': [{'url': 'https://www.instagram.com/almostmonday/'}], 'homepage': [{'url': 'http://almostmonday.com'}]}"
K8vZ917bktV,almost monday,attraction,en-us,"{'youtube': [{'url': 'https://www.youtube.com/c/almostmonday'}], 'twitter': [{'url': 'https://twitter.com/ALMOSTMONDAYY'}], 'itunes': [{'url': 'https://music.apple.com/in/artist/almost-monday/1300723925'}], 'facebook': [{'url': 'https://www.facebook.com/almostmonday'}], 'spotify': [{'url': 'https://open.spotify.com/artist/42FzVuyJH8YbkhzWSR2n8E'}], 'instagram': [{'url': 'https://www.instagram.com/almostmonday/'}], 'homepage': [{'url': 'http://almostmonday.com'}]}"
K8vZ9174ZZ0,Alec Benjamin,attraction,en-us,"{'youtube': [{'url': 'https://www.youtube.com/AlecBenjaminMusic'}], 'wiki': [{'url': 'https://en.wikipedia.org/wiki/Alec_Benjamin'}], 'facebook': [{'url': 'https://www.facebook.com/AlecBenjaminMusic'}]}"
K8vZ9174ZZ0,Alec Benjamin,attraction,en-us,"{'youtube': [{'url': 'https://www.youtube.com/AlecBenjaminMusic'}], 'wiki': [{'url': 'https://en.wikipedia.org/wiki/Alec_Benjamin'}], 'facebook': [{'url': 'https://www.facebook.com/AlecBenjaminMusic'}]}"
K8vZ917fQVV,Alan Walker,attraction,en-us,"{'youtube': [{'url': 'https://www.youtube.com/user/DjWalkzz'}], 'twitter': [{'url': 'https://twitter.com/IAmAlanWalker'}], 'itunes': [{'url': 'https://itunes.apple.com/artist/id1062085272'}], 'facebook': [{'url': 'https://www.facebook.com/alanwalkermusic'}], 'spotify': [{'url': 'https://open.spotify.com/artist/7vk5e3vY1uw9plTHJAMwjN'}], 'wiki': [{'url': 'https://en.wikipedia.org/wiki/Alan_Walker_(artist)'}], 'musicbrainz': [{'id': 'b0e4bc50-3062-4d31-afad-def6a6b7a8e9', 'url': 'https://musicbrainz.org/artist/b0e4bc50-3062-4d31-afad-def6a6b7a8e9'}], 'instagram': [{'url': 'http://www.instagram.com/alanwalkermusic'}], 'homepage': [{'url': 'http://www.alanwalkermusic.no/'}]}"
K8vZ917pfHf,Rels B,attraction,en-us,{}
K8vZ917pfHf,Rels B,attraction,en-us,{}
K8vZ917pfHf,Rels B,attraction,en-us,{}
K8vZ917pfHf,Rels B,attraction,en-us,{}
K8vZ917QQn7,aespa,attraction,en-us,{}
K8vZ9175n0f,Anastacia,attraction,en-us,"{'youtube': [{'url': 'https://www.youtube.com/channel/UCr4T3zE6wmd39NCe_LFpqDw'}], 'twitter': [{'url': 'https://twitter.com/AnastaciaMusic'}], 'itunes': [{'url': 'https://music.apple.com/es/artist/anastacia/85942'}], 'lastfm': [{'url': 'http://www.last.fm/music/Anastacia'}], 'spotify': [{'url': 'https://open.spotify.com/artist/2siHvYaxjaW5rKVRiIrMYH'}], 'wiki': [{'url': 'https://en.wikipedia.org/wiki/Anastacia'}], 'facebook': [{'url': 'https://www.facebook.com/Anastacia'}], 'musicbrainz': [{'id': 'd3b2bec4-b70e-460e-b433-a865ceac2de8', 'url': 'https://musicbrainz.org/artist/d3b2bec4-b70e-460e-b433-a865ceac2de8'}], 'instagram': [{'url': 'http://instagram.com/anastaciamusic'}], 'homepage': [{'url': 'http://www.anastacia.com/'}]}"
K8vZ9175n0f,Anastacia,attraction,en-us,"{'youtube': [{'url': 'https://www.youtube.com/channel/UCr4T3zE6wmd39NCe_LFpqDw'}], 'twitter': [{'url': 'https://twitter.com/AnastaciaMusic'}], 'itunes': [{'url': 'https://music.apple.com/es/artist/anastacia/85942'}], 'lastfm': [{'url': 'http://www.last.fm/music/Anastacia'}], 'spotify': [{'url': 'https://open.spotify.com/artist/2siHvYaxjaW5rKVRiIrMYH'}], 'wiki': [{'url': 'https://en.wikipedia.org/wiki/Anastacia'}], 'facebook': [{'url': 'https://www.facebook.com/Anastacia'}], 'musicbrainz': [{'id': 'd3b2bec4-b70e-460e-b433-a865ceac2de8', 'url': 'https://musicbrainz.org/artist/d3b2bec4-b70e-460e-b433-a865ceac2de8'}], 'instagram': [{'url': 'http://instagram.com/anastaciamusic'}], 'homepage': [{'url': 'http://www.anastacia.com/'}]}"
K8vZ917QQn7,aespa,attraction,en-us,{}
K8vZ9175n0f,Anastacia,attraction,en-us,"{'youtube': [{'url': 'https://www.youtube.com/channel/UCr4T3zE6wmd39NCe_LFpqDw'}], 'twitter': [{'url': 'https://twitter.com/AnastaciaMusic'}], 'itunes': [{'url': 'https://music.apple.com/es/artist/anastacia/85942'}], 'lastfm': [{'url': 'http://www.last.fm/music/Anastacia'}], 'spotify': [{'url': 'https://open.spotify.com/artist/2siHvYaxjaW5rKVRiIrMYH'}], 'wiki': [{'url': 'https://en.wikipedia.org/wiki/Anastacia'}], 'facebook': [{'url': 'https://www.facebook.com/Anastacia'}], 'musicbrainz': [{'id': 'd3b2bec4-b70e-460e-b433-a865ceac2de8', 'url': 'https://musicbrainz.org/artist/d3b2bec4-b70e-460e-b433-a865ceac2de8'}], 'instagram': [{'url': 'http://instagram.com/anastaciamusic'}], 'homepage': [{'url': 'http://www.anastacia.com/'}]}"
K8vZ9175n0f,Anastacia,attraction,en-us,"{'youtube': [{'url': 'https://www.youtube.com/channel/UCr4T3zE6wmd39NCe_LFpqDw'}], 'twitter': [{'url': 'https://twitter.com/AnastaciaMusic'}], 'itunes': [{'url': 'https://music.apple.com/es/artist/anastacia/85942'}], 'lastfm': [{'url': 'http://www.last.fm/music/Anastacia'}], 'spotify': [{'url': 'https://open.spotify.com/artist/2siHvYaxjaW5rKVRiIrMYH'}], 'wiki': [{'url': 'https://en.wikipedia.org/wiki/Anastacia'}], 'facebook': [{'url': 'https://www.facebook.com/Anastacia'}], 'musicbrainz': [{'id': 'd3b2bec4-b70e-460e-b433-a865ceac2de8', 'url': 'https://musicbrainz.org/artist/d3b2bec4-b70e-460e-b433-a865ceac2de8'}], 'instagram': [{'url': 'http://instagram.com/anastaciamusic'}], 'homepage': [{'url': 'http://www.anastacia.com/'}]}"
K8vZ9175n0f,Anastacia,attraction,en-us,"{'youtube': [{'url': 'https://www.youtube.com/channel/UCr4T3zE6wmd39NCe_LFpqDw'}], 'twitter': [{'url': 'https://twitter.com/AnastaciaMusic'}], 'itunes': [{'url': 'https://music.apple.com/es/artist/anastacia/85942'}], 'lastfm': [{'url': 'http://www.last.fm/music/Anastacia'}], 'spotify': [{'url': 'https://open.spotify.com/artist/2siHvYaxjaW5rKVRiIrMYH'}], 'wiki': [{'url': 'https://en.wikipedia.org/wiki/Anastacia'}], 'facebook': [{'url': 'https://www.facebook.com/Anastacia'}], 'musicbrainz': [{'id': 'd3b2bec4-b70e-460e-b433-a865ceac2de8', 'url': 'https://musicbrainz.org/artist/d3b2bec4-b70e-460e-b433-a865ceac2de8'}], 'instagram': [{'url': 'http://instagram.com/anastaciamusic'}], 'homepage': [{'url': 'http://www.anastacia.com/'}]}"
K8vZ9175n0f,Anastacia,attraction,en-us,"{'youtube': [{'url': 'https://www.youtube.com/channel/UCr4T3zE6wmd39NCe_LFpqDw'}], 'twitter': [{'url': 'https://twitter.com/AnastaciaMusic'}], 'itunes': [{'url': 'https://music.apple.com/es/artist/anastacia/85942'}], 'lastfm': [{'url': 'http://www.last.fm/music/Anastacia'}], 'spotify': [{'url': 'https://open.spotify.com/artist/2siHvYaxjaW5rKVRiIrMYH'}], 'wiki': [{'url': 'https://en.wikipedia.org/wiki/Anastacia'}], 'facebook': [{'url': 'https://www.facebook.com/Anastacia'}], 'musicbrainz': [{'id': 'd3b2bec4-b70e-460e-b433-a865ceac2de8', 'url': 'https://musicbrainz.org/artist/d3b2bec4-b70e-460e-b433-a865ceac2de8'}], 'instagram': [{'url': 'http://instagram.com/anastaciamusic'}], 'homepage': [{'url': 'http://www.anastacia.com/'}]}"
K8vZ917j2I7,Nemo,attraction,en-us,{}
K8vZ917j2I7,Nemo,attraction,en-us,{}
K8vZ9175U3f,Cirque du Soleil : Corteo,attraction,en-us,{}
K8vZ9171o7f,Cirque du Soleil,attraction,en-us,{'twitter': [{'url': '@cirque'}]}
K8vZ9175U3f,Cirque du Soleil : Corteo,attraction,en-us,{}
K8vZ9171o7f,Cirque du Soleil,attraction,en-us,{'twitter': [{'url': '@cirque'}]}
K8vZ91780nf,Gavin James,attraction,en-us,"{'youtube': [{'url': 'https://www.youtube.com/user/gavinjamesofficial'}], 'twitter': [{'url': 'https://twitter.com/gavinjames'}], 'facebook': [{'url': 'https://www.facebook.com/gavinjamesmusic'}], 'wiki': [{'url': 'https://en.wikipedia.org/wiki/Gavin_James_(singer-songwriter)'}], 'instagram': [{'url': 'https://instagram.com/gavinjameslive'}, {'url': 'https://instagram.com/gavinjameslive/'}], 'musicbrainz': [{'id': 'efd22686-4b72-43d5-9265-d5b073f550d1'}], 'homepage': [{'url': 'http://www.gavinjamesmusic.com/'}]}"
K8vZ9175U3f,Cirque du Soleil : Corteo,attraction,en-us,{}
K8vZ9171o7f,Cirque du Soleil,attraction,en-us,{'twitter': [{'url': '@cirque'}]}
K8vZ9175U3f,Cirque du Soleil : Corteo,attraction,en-us,{}
K8vZ9171o7f,Cirque du Soleil,attraction,en-us,{'twitter': [{'url': '@cirque'}]}
K8vZ9175U3f,Cirque du Soleil : Corteo,attraction,en-us,{}
K8vZ9171o7f,Cirque du Soleil,attraction,en-us,{'twitter': [{'url': '@cirque'}]}
K8vZ91780nf,Gavin James,attraction,en-us,"{'youtube': [{'url': 'https://www.youtube.com/user/gavinjamesofficial'}], 'twitter': [{'url': 'https://twitter.com/gavinjames'}], 'facebook': [{'url': 'https://www.facebook.com/gavinjamesmusic'}], 'wiki': [{'url': 'https://en.wikipedia.org/wiki/Gavin_James_(singer-songwriter)'}], 'instagram': [{'url': 'https://instagram.com/gavinjameslive'}, {'url': 'https://instagram.com/gavinjameslive/'}], 'musicbrainz': [{'id': 'efd22686-4b72-43d5-9265-d5b073f550d1'}], 'homepage': [{'url': 'http://www.gavinjamesmusic.com/'}]}"
K8vZ917jOcf,FINAL FANTASY VII REBIRTH Orchestra World Tour,attraction,en-us,{}
K8vZ9175U3f,Cirque du Soleil : Corteo,attraction,en-us,{}
K8vZ9171o7f,Cirque du Soleil,attraction,en-us,{'twitter': [{'url': '@cirque'}]}
K8vZ9175U3f,Cirque du Soleil : Corteo,attraction,en-us,{}
K8vZ9171o7f,Cirque du Soleil,attraction,en-us,{'twitter': [{'url': '@cirque'}]}
K8vZ917_HH0,Morad,attraction,en-us,{}
K8vZ9175U3f,Cirque du Soleil : Corteo,attraction,en-us,{}
K8vZ9171o7f,Cirque du Soleil,attraction,en-us,{'twitter': [{'url': '@cirque'}]}
K8vZ9175U3f,Cirque du Soleil : Corteo,attraction,en-us,{}
K8vZ9171o7f,Cirque du Soleil,attraction,en-us,{'twitter': [{'url': '@cirque'}]}
K8vZ917jYR7,Baby Lasagna,attraction,en-us,{}
K8vZ91712uf,Lenny Kravitz,attraction,en-us,"{'youtube': [{'url': 'https://www.youtube.com/user/lennykravitz'}], 'twitter': [{'url': 'https://twitter.com/LennyKravitz'}], 'itunes': [{'url': 'https://music.apple.com/us/artist/lenny-kravitz/160410'}], 'lastfm': [{'url': 'http://www.last.fm/music/Lenny+Kravitz'}], 'spotify': [{'url': 'https://open.spotify.com/artist/5gznATMVO85ZcLTkE9ULU7?si=Afl3aBuXShmSphtbb182LA&nd=1'}], 'wiki': [{'url': 'https://en.wikipedia.org/wiki/Lenny_Kravitz'}], 'facebook': [{'url': 'https://www.facebook.com/lennykravitz'}], 'instagram': [{'url': 'https://www.instagram.com/lennykravitz/'}], 'musicbrainz': [{'id': '0ef3f425-9bd2-4216-9dd2-219d2fe90f1f', 'url': 'https://musicbrainz.org/artist/0ef3f425-9bd2-4216-9dd2-219d2fe90f1f'}], 'homepage': [{'url': 'http://www.lennykravitz.com/'}]}"
K8vZ91712uf,Lenny Kravitz,attraction,en-us,"{'youtube': [{'url': 'https://www.youtube.com/user/lennykravitz'}], 'twitter': [{'url': 'https://twitter.com/LennyKravitz'}], 'itunes': [{'url': 'https://music.apple.com/us/artist/lenny-kravitz/160410'}], 'lastfm': [{'url': 'http://www.last.fm/music/Lenny+Kravitz'}], 'spotify': [{'url': 'https://open.spotify.com/artist/5gznATMVO85ZcLTkE9ULU7?si=Afl3aBuXShmSphtbb182LA&nd=1'}], 'wiki': [{'url': 'https://en.wikipedia.org/wiki/Lenny_Kravitz'}], 'facebook': [{'url': 'https://www.facebook.com/lennykravitz'}], 'instagram': [{'url': 'https://www.instagram.com/lennykravitz/'}], 'musicbrainz': [{'id': '0ef3f425-9bd2-4216-9dd2-219d2fe90f1f', 'url': 'https://musicbrainz.org/artist/0ef3f425-9bd2-4216-9dd2-219d2fe90f1f'}], 'homepage': [{'url': 'http://www.lennykravitz.com/'}]}"
K8vZ9175U3f,Cirque du Soleil : Corteo,attraction,en-us,{}
K8vZ9171o7f,Cirque du Soleil,attraction,en-us,{'twitter': [{'url': '@cirque'}]}
K8vZ917jYR7,Baby Lasagna,attraction,en-us,{}
K8vZ9172ILf,Queen Extravaganza,attraction,en-us,"{'youtube': [{'url': 'https://www.youtube.com/user/QueenExtravaganza'}], 'twitter': [{'url': 'https://twitter.com/queenextrava'}], 'wiki': [{'url': 'https://en.wikipedia.org/wiki/Queen_Extravaganza_Tour'}], 'facebook': [{'url': 'https://www.facebook.com/queenextravaganza'}], 'homepage': [{'url': 'https://www.queenonline.com/'}]}"
K8vZ9172ILf,Queen Extravaganza,attraction,en-us,"{'youtube': [{'url': 'https://www.youtube.com/user/QueenExtravaganza'}], 'twitter': [{'url': 'https://twitter.com/queenextrava'}], 'wiki': [{'url': 'https://en.wikipedia.org/wiki/Queen_Extravaganza_Tour'}], 'facebook': [{'url': 'https://www.facebook.com/queenextravaganza'}], 'homepage': [{'url': 'https://www.queenonline.com/'}]}"
K8vZ91712uf,Lenny Kravitz,attraction,en-us,"{'youtube': [{'url': 'https://www.youtube.com/user/lennykravitz'}], 'twitter': [{'url': 'https://twitter.com/LennyKravitz'}], 'itunes': [{'url': 'https://music.apple.com/us/artist/lenny-kravitz/160410'}], 'lastfm': [{'url': 'http://www.last.fm/music/Lenny+Kravitz'}], 'spotify': [{'url': 'https://open.spotify.com/artist/5gznATMVO85ZcLTkE9ULU7?si=Afl3aBuXShmSphtbb182LA&nd=1'}], 'wiki': [{'url': 'https://en.wikipedia.org/wiki/Lenny_Kravitz'}], 'facebook': [{'url': 'https://www.facebook.com/lennykravitz'}], 'instagram': [{'url': 'https://www.instagram.com/lennykravitz/'}], 'musicbrainz': [{'id': '0ef3f425-9bd2-4216-9dd2-219d2fe90f1f', 'url': 'https://musicbrainz.org/artist/0ef3f425-9bd2-4216-9dd2-219d2fe90f1f'}], 'homepage': [{'url': 'http://www.lennykravitz.com/'}]}"
K8vZ91712uf,Lenny Kravitz,attraction,en-us,"{'youtube': [{'url': 'https://www.youtube.com/user/lennykravitz'}], 'twitter': [{'url': 'https://twitter.com/LennyKravitz'}], 'itunes': [{'url': 'https://music.apple.com/us/artist/lenny-kravitz/160410'}], 'lastfm': [{'url': 'http://www.last.fm/music/Lenny+Kravitz'}], 'spotify': [{'url': 'https://open.spotify.com/artist/5gznATMVO85ZcLTkE9ULU7?si=Afl3aBuXShmSphtbb182LA&nd=1'}], 'wiki': [{'url': 'https://en.wikipedia.org/wiki/Lenny_Kravitz'}], 'facebook': [{'url': 'https://www.facebook.com/lennykravitz'}], 'instagram': [{'url': 'https://www.instagram.com/lennykravitz/'}], 'musicbrainz': [{'id': '0ef3f425-9bd2-4216-9dd2-219d2fe90f1f', 'url': 'https://musicbrainz.org/artist/0ef3f425-9bd2-4216-9dd2-219d2fe90f1f'}], 'homepage': [{'url': 'http://www.lennykravitz.com/'}]}"
K8vZ9172ILf,Queen Extravaganza,attraction,en-us,"{'youtube': [{'url': 'https://www.youtube.com/user/QueenExtravaganza'}], 'twitter': [{'url': 'https://twitter.com/queenextrava'}], 'wiki': [{'url': 'https://en.wikipedia.org/wiki/Queen_Extravaganza_Tour'}], 'facebook': [{'url': 'https://www.facebook.com/queenextravaganza'}], 'homepage': [{'url': 'https://www.queenonline.com/'}]}"
K8vZ9172ILf,Queen Extravaganza,attraction,en-us,"{'youtube': [{'url': 'https://www.youtube.com/user/QueenExtravaganza'}], 'twitter': [{'url': 'https://twitter.com/queenextrava'}], 'wiki': [{'url': 'https://en.wikipedia.org/wiki/Queen_Extravaganza_Tour'}], 'facebook': [{'url': 'https://www.facebook.com/queenextravaganza'}], 'homepage': [{'url': 'https://www.queenonline.com/'}]}"
K8vZ917Gkz0,Diego Torres,attraction,en-us,{'twitter': [{'url': '@diegotorres'}]}
K8vZ917Gkz0,Diego Torres,attraction,en-us,{'twitter': [{'url': '@diegotorres'}]}
K8vZ91712uf,Lenny Kravitz,attraction,en-us,"{'youtube': [{'url': 'https://www.youtube.com/user/lennykravitz'}], 'twitter': [{'url': 'https://twitter.com/LennyKravitz'}], 'itunes': [{'url': 'https://music.apple.com/us/artist/lenny-kravitz/160410'}], 'lastfm': [{'url': 'http://www.last.fm/music/Lenny+Kravitz'}], 'spotify': [{'url': 'https://open.spotify.com/artist/5gznATMVO85ZcLTkE9ULU7?si=Afl3aBuXShmSphtbb182LA&nd=1'}], 'wiki': [{'url': 'https://en.wikipedia.org/wiki/Lenny_Kravitz'}], 'facebook': [{'url': 'https://www.facebook.com/lennykravitz'}], 'instagram': [{'url': 'https://www.instagram.com/lennykravitz/'}], 'musicbrainz': [{'id': '0ef3f425-9bd2-4216-9dd2-219d2fe90f1f', 'url': 'https://musicbrainz.org/artist/0ef3f425-9bd2-4216-9dd2-219d2fe90f1f'}], 'homepage': [{'url': 'http://www.lennykravitz.com/'}]}"
K8vZ917_HH0,Morad,attraction,en-us,{}
K8vZ91712uf,Lenny Kravitz,attraction,en-us,"{'youtube': [{'url': 'https://www.youtube.com/user/lennykravitz'}], 'twitter': [{'url': 'https://twitter.com/LennyKravitz'}], 'itunes': [{'url': 'https://music.apple.com/us/artist/lenny-kravitz/160410'}], 'lastfm': [{'url': 'http://www.last.fm/music/Lenny+Kravitz'}], 'spotify': [{'url': 'https://open.spotify.com/artist/5gznATMVO85ZcLTkE9ULU7?si=Afl3aBuXShmSphtbb182LA&nd=1'}], 'wiki': [{'url': 'https://en.wikipedia.org/wiki/Lenny_Kravitz'}], 'facebook': [{'url': 'https://www.facebook.com/lennykravitz'}], 'instagram': [{'url': 'https://www.instagram.com/lennykravitz/'}], 'musicbrainz': [{'id': '0ef3f425-9bd2-4216-9dd2-219d2fe90f1f', 'url': 'https://musicbrainz.org/artist/0ef3f425-9bd2-4216-9dd2-219d2fe90f1f'}], 'homepage': [{'url': 'http://www.lennykravitz.com/'}]}"
K8vZ917Gkz0,Diego Torres,attraction,en-us,{'twitter': [{'url': '@diegotorres'}]}
K8vZ917Gkz0,Diego Torres,attraction,en-us,{'twitter': [{'url': '@diegotorres'}]}
K8vZ917Gkz0,Diego Torres,attraction,en-us,{'twitter': [{'url': '@diegotorres'}]}
K8vZ917Gkz0,Diego Torres,attraction,en-us,{'twitter': [{'url': '@diegotorres'}]}
K8vZ91788J0,Luka Sulic,attraction,en-us,{}
K8vZ9179pMf,Inhaler,attraction,en-us,"{'youtube': [{'url': 'https://www.youtube.com/channel/UC7j8qa0NY4CteN46q60Fojg'}], 'twitter': [{'url': 'https://twitter.com/inhalerdublin'}], 'itunes': [{'url': 'https://music.apple.com/us/artist/inhaler/1456836783'}], 'spotify': [{'url': 'https://open.spotify.com/artist/6lyMYewq2SuTFIXgiv7OxH?autoplay=true'}], 'facebook': [{'url': 'https://www.facebook.com/InhalerDublin'}], 'instagram': [{'url': 'https://www.instagram.com/inhalerdublin/'}], 'homepage': [{'url': 'https://www.inhaler.band/'}]}"
K8vZ917ukw7,Twenty One Pilots,attraction,en-us,"{'youtube': [{'url': 'https://www.youtube.com/channel/UCBQZwaNPFfJ1gZ1fLZpAEGw?sub_confirmation=1'}], 'twitter': [{'url': 'https://twitter.com/twentyonepilots'}], 'itunes': [{'url': 'https://music.apple.com/ca/artist/twenty-one-pilots/349736311'}], 'lastfm': [{'url': 'http://www.last.fm/music/Twenty+One+Pilots'}], 'spotify': [{'url': 'https://open.spotify.com/artist/3YQKmKGau1PzlVlkL1iodx?autoplay=true'}], 'facebook': [{'url': 'https://www.facebook.com/twentyonepilots'}], 'wiki': [{'url': 'https://en.wikipedia.org/wiki/Twenty_One_Pilots'}], 'musicbrainz': [{'id': 'a6c6897a-7415-4f8d-b5a5-3a5e05f3be67', 'url': 'https://musicbrainz.org/artist/a6c6897a-7415-4f8d-b5a5-3a5e05f3be67'}], 'instagram': [{'url': 'https://www.instagram.com/twentyonepilots/'}], 'homepage': [{'url': 'http://www.twentyonepilots.com/'}]}"
K8vZ9179pMf,Inhaler,attraction,en-us,"{'youtube': [{'url': 'https://www.youtube.com/channel/UC7j8qa0NY4CteN46q60Fojg'}], 'twitter': [{'url': 'https://twitter.com/inhalerdublin'}], 'itunes': [{'url': 'https://music.apple.com/us/artist/inhaler/1456836783'}], 'spotify': [{'url': 'https://open.spotify.com/artist/6lyMYewq2SuTFIXgiv7OxH?autoplay=true'}], 'facebook': [{'url': 'https://www.facebook.com/InhalerDublin'}], 'instagram': [{'url': 'https://www.instagram.com/inhalerdublin/'}], 'homepage': [{'url': 'https://www.inhaler.band/'}]}"
K8vZ917ukw7,Twenty One Pilots,attraction,en-us,"{'youtube': [{'url': 'https://www.youtube.com/channel/UCBQZwaNPFfJ1gZ1fLZpAEGw?sub_confirmation=1'}], 'twitter': [{'url': 'https://twitter.com/twentyonepilots'}], 'itunes': [{'url': 'https://music.apple.com/ca/artist/twenty-one-pilots/349736311'}], 'lastfm': [{'url': 'http://www.last.fm/music/Twenty+One+Pilots'}], 'spotify': [{'url': 'https://open.spotify.com/artist/3YQKmKGau1PzlVlkL1iodx?autoplay=true'}], 'facebook': [{'url': 'https://www.facebook.com/twentyonepilots'}], 'wiki': [{'url': 'https://en.wikipedia.org/wiki/Twenty_One_Pilots'}], 'musicbrainz': [{'id': 'a6c6897a-7415-4f8d-b5a5-3a5e05f3be67', 'url': 'https://musicbrainz.org/artist/a6c6897a-7415-4f8d-b5a5-3a5e05f3be67'}], 'instagram': [{'url': 'https://www.instagram.com/twentyonepilots/'}], 'homepage': [{'url': 'http://www.twentyonepilots.com/'}]}"
K8vZ9175U3f,Cirque du Soleil : Corteo,attraction,en-us,{}
K8vZ9171o7f,Cirque du Soleil,attraction,en-us,{'twitter': [{'url': '@cirque'}]}
K8vZ9175U3f,Cirque du Soleil : Corteo,attraction,en-us,{}
K8vZ9171o7f,Cirque du Soleil,attraction,en-us,{'twitter': [{'url': '@cirque'}]}
K8vZ9175U3f,Cirque du Soleil : Corteo,attraction,en-us,{}
K8vZ9171o7f,Cirque du Soleil,attraction,en-us,{'twitter': [{'url': '@cirque'}]}
K8vZ9175U3f,Cirque du Soleil : Corteo,attraction,en-us,{}
K8vZ9171o7f,Cirque du Soleil,attraction,en-us,{'twitter': [{'url': '@cirque'}]}
K8vZ917qpc7,Avatar Live in Concert,attraction,en-us,{}
K8vZ9175U3f,Cirque du Soleil : Corteo,attraction,en-us,{}
K8vZ9171o7f,Cirque du Soleil,attraction,en-us,{'twitter': [{'url': '@cirque'}]}
K8vZ9175U3f,Cirque du Soleil : Corteo,attraction,en-us,{}
K8vZ9171o7f,Cirque du Soleil,attraction,en-us,{'twitter': [{'url': '@cirque'}]}
K8vZ9174F10,WARHAUS,attraction,en-us,"{'youtube': [{'url': 'https://www.youtube.com/channel/UCNPNDrhxBm2cjO2AGUzzC8g'}], 'twitter': [{'url': 'https://mobile.twitter.com/warhausmusic'}], 'itunes': [{'url': 'https://music.apple.com/us/artist/warhaus/1109938076'}], 'facebook': [{'url': 'https://www.facebook.com/warhausmusic/'}], 'spotify': [{'url': 'https://open.spotify.com/artist/5uy67fWgovgNdbkP1kAf7m?autoplay=true'}], 'instagram': [{'url': 'https://www.instagram.com/warhausmusic/?hl=en'}], 'homepage': [{'url': 'https://www.warhausmusic.com/'}]}"
K8vZ9175U3f,Cirque du Soleil : Corteo,attraction,en-us,{}
K8vZ9171o7f,Cirque du Soleil,attraction,en-us,{'twitter': [{'url': '@cirque'}]}
K8vZ917u1F7,The Lumineers,attraction,en-us,"{'youtube': [{'url': 'https://www.youtube.com/user/TheLumineers'}], 'twitter': [{'url': 'https://twitter.com/thelumineers'}], 'lastfm': [{'url': 'http://www.last.fm/music/The+Lumineers'}], 'facebook': [{'url': 'https://www.facebook.com/TheLumineers'}], 'wiki': [{'url': 'https://en.wikipedia.org/wiki/The_Lumineers'}], 'musicbrainz': [{'id': 'bfcb6630-9b31-4e63-b11f-7b0363be72b5'}], 'homepage': [{'url': 'http://thelumineers.com/'}]}"
K8vZ9174F10,WARHAUS,attraction,en-us,"{'youtube': [{'url': 'https://www.youtube.com/channel/UCNPNDrhxBm2cjO2AGUzzC8g'}], 'twitter': [{'url': 'https://mobile.twitter.com/warhausmusic'}], 'itunes': [{'url': 'https://music.apple.com/us/artist/warhaus/1109938076'}], 'facebook': [{'url': 'https://www.facebook.com/warhausmusic/'}], 'spotify': [{'url': 'https://open.spotify.com/artist/5uy67fWgovgNdbkP1kAf7m?autoplay=true'}], 'instagram': [{'url': 'https://www.instagram.com/warhausmusic/?hl=en'}], 'homepage': [{'url': 'https://www.warhausmusic.com/'}]}"
K8vZ917ofH0,GHOST,attraction,en-us,"{'youtube': [{'url': 'https://www.youtube.com/user/thebandGhost1'}], 'twitter': [{'url': 'https://twitter.com/thebandghost'}], 'itunes': [{'url': 'https://music.apple.com/us/artist/ghost/600730426'}], 'facebook': [{'url': 'https://www.facebook.com/thebandghost/'}], 'spotify': [{'url': 'https://open.spotify.com/artist/1Qp56T7n950O3EGMsSl81D'}], 'instagram': [{'url': 'https://www.instagram.com/thebandghost/'}], 'musicbrainz': [{'id': '2bcf2e02-5bc3-4c76-bf76-41126cb11444', 'url': 'https://musicbrainz.org/artist/2bcf2e02-5bc3-4c76-bf76-41126cb11444'}], 'homepage': [{'url': 'https://ghost-official.com/'}]}"
K8vZ9175U3f,Cirque du Soleil : Corteo,attraction,en-us,{}
K8vZ9171o7f,Cirque du Soleil,attraction,en-us,{'twitter': [{'url': '@cirque'}]}
K8vZ9175U3f,Cirque du Soleil : Corteo,attraction,en-us,{}
K8vZ9171o7f,Cirque du Soleil,attraction,en-us,{'twitter': [{'url': '@cirque'}]}
K8vZ917QtDV,Morgan Jay,attraction,en-us,{}
K8vZ917QtDV,Morgan Jay,attraction,en-us,{}
K8vZ9175U3f,Cirque du Soleil : Corteo,attraction,en-us,{}
K8vZ9171o7f,Cirque du Soleil,attraction,en-us,{'twitter': [{'url': '@cirque'}]}
K8vZ9175U3f,Cirque du Soleil : Corteo,attraction,en-us,{}
K8vZ9171o7f,Cirque du Soleil,attraction,en-us,{'twitter': [{'url': '@cirque'}]}
K8vZ917u1F7,The Lumineers,attraction,en-us,"{'youtube': [{'url': 'https://www.youtube.com/user/TheLumineers'}], 'twitter': [{'url': 'https://twitter.com/thelumineers'}], 'lastfm': [{'url': 'http://www.last.fm/music/The+Lumineers'}], 'facebook': [{'url': 'https://www.facebook.com/TheLumineers'}], 'wiki': [{'url': 'https://en.wikipedia.org/wiki/The_Lumineers'}], 'musicbrainz': [{'id': 'bfcb6630-9b31-4e63-b11f-7b0363be72b5'}], 'homepage': [{'url': 'http://thelumineers.com/'}]}"
K8vZ917QtDV,Morgan Jay,attraction,en-us,{}
K8vZ917QtDV,Morgan Jay,attraction,en-us,{}
K8vZ917QtDV,Morgan Jay,attraction,en-us,{}
K8vZ9179WA7,Only the Poets,attraction,en-us,"{'facebook': [{'url': 'https://www.facebook.com/onlythepoets'}], 'spotify': [{'url': 'https://open.spotify.com/artist/3Z40kLBFU7C8532e2YLE9t'}], 'instagram': [{'url': 'https://www.instagram.com/onlythepoets/'}], 'homepage': [{'url': 'https://onlythepoetsofficial.com/'}]}"
K8vZ9175U3f,Cirque du Soleil : Corteo,attraction,en-us,{}
K8vZ9171o7f,Cirque du Soleil,attraction,en-us,{'twitter': [{'url': '@cirque'}]}
K8vZ9175U3f,Cirque du Soleil : Corteo,attraction,en-us,{}
K8vZ9171o7f,Cirque du Soleil,attraction,en-us,{'twitter': [{'url': '@cirque'}]}
K8vZ9179WA7,Only the Poets,attraction,en-us,"{'facebook': [{'url': 'https://www.facebook.com/onlythepoets'}], 'spotify': [{'url': 'https://open.spotify.com/artist/3Z40kLBFU7C8532e2YLE9t'}], 'instagram': [{'url': 'https://www.instagram.com/onlythepoets/'}], 'homepage': [{'url': 'https://onlythepoetsofficial.com/'}]}"
K8vZ9175U3f,Cirque du Soleil : Corteo,attraction,en-us,{}
K8vZ9171o7f,Cirque du Soleil,attraction,en-us,{'twitter': [{'url': '@cirque'}]}
K8vZ9173lg7,AURORA,attraction,en-us,"{'youtube': [{'url': 'https://www.youtube.com/channel/UCNjHgaLpdy1IMNK57pYiKiQ'}], 'twitter': [{'url': 'https://twitter.com/auroramusic'}], 'itunes': [{'url': 'https://music.apple.com/gb/artist/aurora/947171999'}], 'spotify': [{'url': 'https://open.spotify.com/artist/1WgXqy2Dd70QQOU7Ay074N?si=_oEGuxN2SMyv-YbaRdtqbg&nd=1'}], 'facebook': [{'url': 'https://www.facebook.com/iamAURORA'}], 'instagram': [{'url': 'https://www.instagram.com/auroramusic/'}], 'musicbrainz': [{'id': '414e7e2a-228a-4bd1-b4ed-57e6ece8a7b1', 'url': 'https://musicbrainz.org/artist/414e7e2a-228a-4bd1-b4ed-57e6ece8a7b1'}], 'homepage': [{'url': 'https://www.aurora-music.com/'}]}"
K8vZ9175U3f,Cirque du Soleil : Corteo,attraction,en-us,{}
K8vZ9171o7f,Cirque du Soleil,attraction,en-us,{'twitter': [{'url': '@cirque'}]}
K8vZ917bcy0,Tate McRae,attraction,en-us,"{'youtube': [{'url': 'https://www.youtube.com/channel/UCQh6LB206jF3JxpCDD-fp5Q'}], 'twitter': [{'url': 'https://twitter.com/tatemcrae'}], 'itunes': [{'url': 'https://music.apple.com/us/artist/tate-mcrae/835056838'}], 'lastfm': [{'url': 'https://www.last.fm/music/Tate+McRae'}], 'tiktok': [{'url': 'https://www.tiktok.com/@tatemcrae'}], 'wiki': [{'url': 'https://en.wikipedia.org/wiki/Tate_McRae'}], 'facebook': [{'url': 'https://www.facebook.com/TateMcRaeOfficial'}], 'spotify': [{'url': 'https://open.spotify.com/artist/45dkTj5sMRSjrmBSBeiHym'}], 'instagram': [{'url': 'https://www.instagram.com/tatemcrae/'}], 'homepage': [{'url': 'https://www.tatemcrae.com/'}]}"
K8vZ917bcy0,Tate McRae,attraction,en-us,"{'youtube': [{'url': 'https://www.youtube.com/channel/UCQh6LB206jF3JxpCDD-fp5Q'}], 'twitter': [{'url': 'https://twitter.com/tatemcrae'}], 'itunes': [{'url': 'https://music.apple.com/us/artist/tate-mcrae/835056838'}], 'lastfm': [{'url': 'https://www.last.fm/music/Tate+McRae'}], 'tiktok': [{'url': 'https://www.tiktok.com/@tatemcrae'}], 'wiki': [{'url': 'https://en.wikipedia.org/wiki/Tate_McRae'}], 'facebook': [{'url': 'https://www.facebook.com/TateMcRaeOfficial'}], 'spotify': [{'url': 'https://open.spotify.com/artist/45dkTj5sMRSjrmBSBeiHym'}], 'instagram': [{'url': 'https://www.instagram.com/tatemcrae/'}], 'homepage': [{'url': 'https://www.tatemcrae.com/'}]}"
K8vZ917_HH0,Morad,attraction,en-us,{}
K8vZ9171F7V,Pixies,attraction,en-us,"{'youtube': [{'url': 'https://www.youtube.com/user/PixiesOfficialTV'}], 'twitter': [{'url': 'https://twitter.com/PIXIES'}], 'itunes': [{'url': 'https://itunes.apple.com/us/artist/id2730151'}], 'lastfm': [{'url': 'http://www.last.fm/music/Pixies'}], 'wiki': [{'url': 'https://en.wikipedia.org/wiki/Pixies'}], 'facebook': [{'url': 'https://www.facebook.com/pixiesofficial'}], 'spotify': [{'url': 'https://open.spotify.com/artist/6zvul52xwTWzilBZl6BUbT'}], 'musicbrainz': [{'id': 'b6b2bb8d-54a9-491f-9607-7b546023b433', 'url': 'https://musicbrainz.org/artist/b6b2bb8d-54a9-491f-9607-7b546023b433'}], 'instagram': [{'url': 'https://www.instagram.com/pixiesofficial/'}], 'homepage': [{'url': 'http://www.pixiesmusic.com/'}]}"
K8vZ9175U3f,Cirque du Soleil : Corteo,attraction,en-us,{}
K8vZ9171o7f,Cirque du Soleil,attraction,en-us,{'twitter': [{'url': '@cirque'}]}
K8vZ9175U3f,Cirque du Soleil : Corteo,attraction,en-us,{}
K8vZ9171o7f,Cirque du Soleil,attraction,en-us,{'twitter': [{'url': '@cirque'}]}
K8vZ9175U3f,Cirque du Soleil : Corteo,attraction,en-us,{}
K8vZ9171o7f,Cirque du Soleil,attraction,en-us,{'twitter': [{'url': '@cirque'}]}
K8vZ9175U3f,Cirque du Soleil : Corteo,attraction,en-us,{}
K8vZ9171o7f,Cirque du Soleil,attraction,en-us,{'twitter': [{'url': '@cirque'}]}
K8vZ917fAG7,Dua Lipa,attraction,en-us,"{'youtube': [{'url': 'https://www.youtube.com/user/DuaLipa1'}], 'twitter': [{'url': 'https://twitter.com/DUALIPA'}], 'itunes': [{'url': 'https://itunes.apple.com/artist/id1031397873'}], 'lastfm': [{'url': 'http://www.last.fm/music/Dua+Lipa'}], 'facebook': [{'url': 'https://www.facebook.com/dualipaofficial'}], 'wiki': [{'url': 'https://en.wikipedia.org/wiki/Dua_Lipa'}], 'spotify': [{'url': 'https://open.spotify.com/artist/6M2wZ9GZgrQXHCFfjv46we'}], 'musicbrainz': [{'id': '6f1a58bf-9b1b-49cf-a44a-6cefad7ae04f', 'url': 'https://musicbrainz.org/artist/6f1a58bf-9b1b-49cf-a44a-6cefad7ae04f'}], 'instagram': [{'url': 'https://www.instagram.com/dualipa/'}], 'homepage': [{'url': 'http://www.dualipa.com/'}]}"
K8vZ9175U3f,Cirque du Soleil : Corteo,attraction,en-us,{}
K8vZ9171o7f,Cirque du Soleil,attraction,en-us,{'twitter': [{'url': '@cirque'}]}
K8vZ9175U3f,Cirque du Soleil : Corteo,attraction,en-us,{}
K8vZ9171o7f,Cirque du Soleil,attraction,en-us,{'twitter': [{'url': '@cirque'}]}
K8vZ917fAG7,Dua Lipa,attraction,en-us,"{'youtube': [{'url': 'https://www.youtube.com/user/DuaLipa1'}], 'twitter': [{'url': 'https://twitter.com/DUALIPA'}], 'itunes': [{'url': 'https://itunes.apple.com/artist/id1031397873'}], 'lastfm': [{'url': 'http://www.last.fm/music/Dua+Lipa'}], 'facebook': [{'url': 'https://www.facebook.com/dualipaofficial'}], 'wiki': [{'url': 'https://en.wikipedia.org/wiki/Dua_Lipa'}], 'spotify': [{'url': 'https://open.spotify.com/artist/6M2wZ9GZgrQXHCFfjv46we'}], 'musicbrainz': [{'id': '6f1a58bf-9b1b-49cf-a44a-6cefad7ae04f', 'url': 'https://musicbrainz.org/artist/6f1a58bf-9b1b-49cf-a44a-6cefad7ae04f'}], 'instagram': [{'url': 'https://www.instagram.com/dualipa/'}], 'homepage': [{'url': 'http://www.dualipa.com/'}]}"
K8vZ9178Q5V,La Femme,attraction,en-us,"{'youtube': [{'url': 'https://www.youtube.com/channel/UCIVKqDHYh8eidalfpfip2Wg'}], 'twitter': [{'url': 'https://twitter.com/lafemmeressort'}], 'itunes': [{'url': 'https://music.apple.com/us/artist/la-femme/61494839'}], 'spotify': [{'url': 'https://open.spotify.com/artist/5VTWoYYizcOY3uIKnxeCGI'}], 'facebook': [{'url': 'https://www.facebook.com/lafemmeressort'}], 'musicbrainz': [{'id': '45ce3d4f-3cb5-474a-a3b0-614b0f517349', 'url': 'https://musicbrainz.org/artist/45ce3d4f-3cb5-474a-a3b0-614b0f517349'}], 'instagram': [{'url': 'https://www.instagram.com/la_femme_ressort'}]}"
K8vZ9178Q5V,La Femme,attraction,en-us,"{'youtube': [{'url': 'https://www.youtube.com/channel/UCIVKqDHYh8eidalfpfip2Wg'}], 'twitter': [{'url': 'https://twitter.com/lafemmeressort'}], 'itunes': [{'url': 'https://music.apple.com/us/artist/la-femme/61494839'}], 'spotify': [{'url': 'https://open.spotify.com/artist/5VTWoYYizcOY3uIKnxeCGI'}], 'facebook': [{'url': 'https://www.facebook.com/lafemmeressort'}], 'musicbrainz': [{'id': '45ce3d4f-3cb5-474a-a3b0-614b0f517349', 'url': 'https://musicbrainz.org/artist/45ce3d4f-3cb5-474a-a3b0-614b0f517349'}], 'instagram': [{'url': 'https://www.instagram.com/la_femme_ressort'}]}"
K8vZ917pcrV,Boris Brejcha,attraction,en-us,"{'youtube': [{'url': 'https://www.youtube.com/channel/UCukezONa4veoJBeK9UuVZew'}], 'twitter': [{'url': 'https://twitter.com/BB_BORISBREJCHA'}], 'itunes': [{'url': 'https://music.apple.com/de/artist/boris-brejcha/202970860'}], 'spotify': [{'url': 'https://open.spotify.com/artist/6caPJFLv1wesmM7gwK1ACy?play=true&utm_source=open.spotify.com&utm_medium=open'}], 'facebook': [{'url': 'https://www.facebook.com/BorisBrejcha.Official'}], 'instagram': [{'url': 'https://www.instagram.com/borisbrejcha/?hl=de'}], 'homepage': [{'url': 'https://www.borisbrejcha.de/'}]}"
K8vZ917pcrV,Boris Brejcha,attraction,en-us,"{'youtube': [{'url': 'https://www.youtube.com/channel/UCukezONa4veoJBeK9UuVZew'}], 'twitter': [{'url': 'https://twitter.com/BB_BORISBREJCHA'}], 'itunes': [{'url': 'https://music.apple.com/de/artist/boris-brejcha/202970860'}], 'spotify': [{'url': 'https://open.spotify.com/artist/6caPJFLv1wesmM7gwK1ACy?play=true&utm_source=open.spotify.com&utm_medium=open'}], 'facebook': [{'url': 'https://www.facebook.com/BorisBrejcha.Official'}], 'instagram': [{'url': 'https://www.instagram.com/borisbrejcha/?hl=de'}], 'homepage': [{'url': 'https://www.borisbrejcha.de/'}]}"
K8vZ917qOL7,CA7RIEL / PACO AMOROSO,attraction,en-us,"{'spotify': [{'url': 'https://open.spotify.com/artist/6I8TDGeUmmLom8auKPzMdX'}], 'instagram': [{'url': 'https://www.instagram.com/ca7rielypacoamoroso/'}], 'homepage': [{'url': 'https://www.ca7rielypacoamoroso.com/'}]}"
K8vZ917qOL7,CA7RIEL / PACO AMOROSO,attraction,en-us,"{'spotify': [{'url': 'https://open.spotify.com/artist/6I8TDGeUmmLom8auKPzMdX'}], 'instagram': [{'url': 'https://www.instagram.com/ca7rielypacoamoroso/'}], 'homepage': [{'url': 'https://www.ca7rielypacoamoroso.com/'}]}"
K8vZ917CAQV,Ed Sheeran,attraction,en-us,"{'youtube': [{'url': 'https://www.youtube.com/user/EdSheeran'}], 'twitter': [{'url': 'https://twitter.com/edsheeran'}], 'itunes': [{'url': 'https://music.apple.com/us/artist/ed-sheeran/183313439'}], 'lastfm': [{'url': 'http://www.last.fm/music/Ed+Sheeran'}], 'spotify': [{'url': 'https://open.spotify.com/artist/6eUKZXaKkcviH0Ku9w2n3V'}], 'wiki': [{'url': 'https://en.wikipedia.org/wiki/Ed_Sheeran'}], 'facebook': [{'url': 'https://www.facebook.com/EdSheeranMusic'}], 'musicbrainz': [{'id': 'b8a7c51f-362c-4dcb-a259-bc6e0095f0a6', 'url': 'https://musicbrainz.org/artist/b8a7c51f-362c-4dcb-a259-bc6e0095f0a6'}], 'instagram': [{'url': 'https://instagram.com/teddysphotos/'}], 'homepage': [{'url': 'http://edsheeran.com/'}]}"
K8vZ917CAQV,Ed Sheeran,attraction,en-us,"{'youtube': [{'url': 'https://www.youtube.com/user/EdSheeran'}], 'twitter': [{'url': 'https://twitter.com/edsheeran'}], 'itunes': [{'url': 'https://music.apple.com/us/artist/ed-sheeran/183313439'}], 'lastfm': [{'url': 'http://www.last.fm/music/Ed+Sheeran'}], 'spotify': [{'url': 'https://open.spotify.com/artist/6eUKZXaKkcviH0Ku9w2n3V'}], 'wiki': [{'url': 'https://en.wikipedia.org/wiki/Ed_Sheeran'}], 'facebook': [{'url': 'https://www.facebook.com/EdSheeranMusic'}], 'musicbrainz': [{'id': 'b8a7c51f-362c-4dcb-a259-bc6e0095f0a6', 'url': 'https://musicbrainz.org/artist/b8a7c51f-362c-4dcb-a259-bc6e0095f0a6'}], 'instagram': [{'url': 'https://instagram.com/teddysphotos/'}], 'homepage': [{'url': 'http://edsheeran.com/'}]}"
K8vZ917qOKV,Erreway,attraction,en-us,{}
K8vZ917qOKV,Erreway,attraction,en-us,{}
K8vZ917qOKV,Erreway,attraction,en-us,{}
K8vZ917qOKV,Erreway,attraction,en-us,{}
K8vZ9174Za7,Billie Eilish,attraction,en-us,"{'youtube': [{'url': 'https://www.youtube.com/channel/UCiGm_E4ZwYSHV3bcW1pnSeQ'}], 'twitter': [{'url': 'https://twitter.com/billieeilish'}], 'itunes': [{'url': 'https://music.apple.com/us/artist/billie-eilish/1065981054'}], 'lastfm': [{'url': 'https://www.last.fm/music/Billie+Eilish'}], 'spotify': [{'url': 'https://open.spotify.com/artist/6qqNVTkY8uBg9cP3Jd7DAH'}], 'facebook': [{'url': 'https://www.facebook.com/billieeilish'}], 'wiki': [{'url': 'https://en.wikipedia.org/wiki/Billie_Eilish'}], 'instagram': [{'url': 'https://www.instagram.com/billieeilish/'}], 'musicbrainz': [{'id': 'f4abc0b5-3f7a-4eff-8f78-ac078dbce533', 'url': 'https://musicbrainz.org/artist/f4abc0b5-3f7a-4eff-8f78-ac078dbce533'}], 'homepage': [{'url': 'https://www.billieeilish.com/'}]}"
K8vZ9174Za7,Billie Eilish,attraction,en-us,"{'youtube': [{'url': 'https://www.youtube.com/channel/UCiGm_E4ZwYSHV3bcW1pnSeQ'}], 'twitter': [{'url': 'https://twitter.com/billieeilish'}], 'itunes': [{'url': 'https://music.apple.com/us/artist/billie-eilish/1065981054'}], 'lastfm': [{'url': 'https://www.last.fm/music/Billie+Eilish'}], 'spotify': [{'url': 'https://open.spotify.com/artist/6qqNVTkY8uBg9cP3Jd7DAH'}], 'facebook': [{'url': 'https://www.facebook.com/billieeilish'}], 'wiki': [{'url': 'https://en.wikipedia.org/wiki/Billie_Eilish'}], 'instagram': [{'url': 'https://www.instagram.com/billieeilish/'}], 'musicbrainz': [{'id': 'f4abc0b5-3f7a-4eff-8f78-ac078dbce533', 'url': 'https://musicbrainz.org/artist/f4abc0b5-3f7a-4eff-8f78-ac078dbce533'}], 'homepage': [{'url': 'https://www.billieeilish.com/'}]}"
K8vZ917QtDV,Morgan Jay,attraction,en-us,{}
K8vZ917QtDV,Morgan Jay,attraction,en-us,{}
K8vZ917QtDV,Morgan Jay,attraction,en-us,{}
K8vZ917QtDV,Morgan Jay,attraction,en-us,{}
K8vZ917j6x0,Ado,attraction,en-us,{}
K8vZ917Q0hV,Maya Hawke,attraction,en-us,{}
K8vZ91713gf,Weezer,attraction,en-us,"{'youtube': [{'url': 'https://www.youtube.com/user/weezer'}], 'twitter': [{'url': 'https://twitter.com/Weezer'}], 'itunes': [{'url': 'https://itunes.apple.com/artist/id115234'}], 'lastfm': [{'url': 'http://www.last.fm/music/Weezer'}], 'spotify': [{'url': 'https://open.spotify.com/artist/3jOstUTkEu2JkjvRdBA5Gu'}], 'wiki': [{'url': 'https://en.wikipedia.org/wiki/Weezer'}], 'facebook': [{'url': 'https://www.facebook.com/weezer'}], 'instagram': [{'url': 'https://www.instagram.com/weezer/'}], 'musicbrainz': [{'id': '6fe07aa5-fec0-4eca-a456-f29bff451b04', 'url': 'https://musicbrainz.org/artist/6fe07aa5-fec0-4eca-a456-f29bff451b04'}], 'homepage': [{'url': 'http://www.weezer.com/'}]}"
K8vZ9171K37,Alanis Morissette,attraction,en-us,"{'youtube': [{'url': 'https://www.youtube.com/channel/UCrTC0tOY5aujQFYDRf65xiw'}], 'twitter': [{'url': 'https://twitter.com/Alanis'}], 'itunes': [{'url': 'https://itunes.apple.com/artist/id1092859'}], 'lastfm': [{'url': 'http://www.last.fm/music/Alanis+Morissette'}], 'spotify': [{'url': 'https://open.spotify.com/artist/6ogn9necmbUdCppmNnGOdi'}], 'wiki': [{'url': 'https://en.wikipedia.org/wiki/Alanis_Morissette'}], 'facebook': [{'url': 'https://www.facebook.com/alanismorissette'}], 'musicbrainz': [{'id': '4bdcee62-4902-4773-8cd1-e252e2e31225', 'url': 'https://musicbrainz.org/artist/4bdcee62-4902-4773-8cd1-e252e2e31225'}], 'instagram': [{'url': 'https://www.instagram.com/alanis/'}], 'homepage': [{'url': 'http://alanis.com/'}]}"
K8vZ9179Vpf,Stray Kids,attraction,en-us,"{'youtube': [{'url': 'https://www.youtube.com/c/StrayKids'}], 'twitter': [{'url': 'https://twitter.com/Stray_Kids'}], 'itunes': [{'url': 'https://music.apple.com/us/artist/stray-kids/1304823362'}], 'tiktok': [{'url': 'https://www.tiktok.com/@jypestraykids'}], 'facebook': [{'url': 'https://www.facebook.com/JYPEStrayKids'}], 'spotify': [{'url': 'https://open.spotify.com/artist/2dIgFjalVxs4ThymZ67YCE?autoplay=true'}], 'instagram': [{'url': 'https://www.instagram.com/realstraykids/'}], 'homepage': [{'url': 'https://straykids.jype.com/'}]}"
K8vZ9179Vpf,Stray Kids,attraction,en-us,"{'youtube': [{'url': 'https://www.youtube.com/c/StrayKids'}], 'twitter': [{'url': 'https://twitter.com/Stray_Kids'}], 'itunes': [{'url': 'https://music.apple.com/us/artist/stray-kids/1304823362'}], 'tiktok': [{'url': 'https://www.tiktok.com/@jypestraykids'}], 'facebook': [{'url': 'https://www.facebook.com/JYPEStrayKids'}], 'spotify': [{'url': 'https://open.spotify.com/artist/2dIgFjalVxs4ThymZ67YCE?autoplay=true'}], 'instagram': [{'url': 'https://www.instagram.com/realstraykids/'}], 'homepage': [{'url': 'https://straykids.jype.com/'}]}"
K8vZ91715SV,Lionel Richie,attraction,en-us,"{'youtube': [{'url': 'https://www.youtube.com/user/LionelRichieVEVO'}], 'twitter': [{'url': 'https://twitter.com/lionelrichie'}], 'itunes': [{'url': 'https://itunes.apple.com/artist/id48397'}], 'lastfm': [{'url': 'http://www.last.fm/music/Lionel+Richie'}], 'spotify': [{'url': 'https://open.spotify.com/artist/3gMaNLQm7D9MornNILzdSl?autoplay=true'}], 'wiki': [{'url': 'https://en.wikipedia.org/wiki/Lionel_Richie'}], 'facebook': [{'url': 'https://www.facebook.com/LionelRichie'}], 'instagram': [{'url': 'https://www.instagram.com/lionelrichie/'}], 'musicbrainz': [{'id': '3cb25fb2-5547-4b05-adec-1a5e37830d46', 'url': 'https://musicbrainz.org/artist/3cb25fb2-5547-4b05-adec-1a5e37830d46'}], 'homepage': [{'url': 'http://lionelrichie.com/'}]}"
K8vZ91715SV,Lionel Richie,attraction,en-us,"{'youtube': [{'url': 'https://www.youtube.com/user/LionelRichieVEVO'}], 'twitter': [{'url': 'https://twitter.com/lionelrichie'}], 'itunes': [{'url': 'https://itunes.apple.com/artist/id48397'}], 'lastfm': [{'url': 'http://www.last.fm/music/Lionel+Richie'}], 'spotify': [{'url': 'https://open.spotify.com/artist/3gMaNLQm7D9MornNILzdSl?autoplay=true'}], 'wiki': [{'url': 'https://en.wikipedia.org/wiki/Lionel_Richie'}], 'facebook': [{'url': 'https://www.facebook.com/LionelRichie'}], 'instagram': [{'url': 'https://www.instagram.com/lionelrichie/'}], 'musicbrainz': [{'id': '3cb25fb2-5547-4b05-adec-1a5e37830d46', 'url': 'https://musicbrainz.org/artist/3cb25fb2-5547-4b05-adec-1a5e37830d46'}], 'homepage': [{'url': 'http://lionelrichie.com/'}]}"
K8vZ91715SV,Lionel Richie,attraction,en-us,"{'youtube': [{'url': 'https://www.youtube.com/user/LionelRichieVEVO'}], 'twitter': [{'url': 'https://twitter.com/lionelrichie'}], 'itunes': [{'url': 'https://itunes.apple.com/artist/id48397'}], 'lastfm': [{'url': 'http://www.last.fm/music/Lionel+Richie'}], 'spotify': [{'url': 'https://open.spotify.com/artist/3gMaNLQm7D9MornNILzdSl?autoplay=true'}], 'wiki': [{'url': 'https://en.wikipedia.org/wiki/Lionel_Richie'}], 'facebook': [{'url': 'https://www.facebook.com/LionelRichie'}], 'instagram': [{'url': 'https://www.instagram.com/lionelrichie/'}], 'musicbrainz': [{'id': '3cb25fb2-5547-4b05-adec-1a5e37830d46', 'url': 'https://musicbrainz.org/artist/3cb25fb2-5547-4b05-adec-1a5e37830d46'}], 'homepage': [{'url': 'http://lionelrichie.com/'}]}"
K8vZ91715SV,Lionel Richie,attraction,en-us,"{'youtube': [{'url': 'https://www.youtube.com/user/LionelRichieVEVO'}], 'twitter': [{'url': 'https://twitter.com/lionelrichie'}], 'itunes': [{'url': 'https://itunes.apple.com/artist/id48397'}], 'lastfm': [{'url': 'http://www.last.fm/music/Lionel+Richie'}], 'spotify': [{'url': 'https://open.spotify.com/artist/3gMaNLQm7D9MornNILzdSl?autoplay=true'}], 'wiki': [{'url': 'https://en.wikipedia.org/wiki/Lionel_Richie'}], 'facebook': [{'url': 'https://www.facebook.com/LionelRichie'}], 'instagram': [{'url': 'https://www.instagram.com/lionelrichie/'}], 'musicbrainz': [{'id': '3cb25fb2-5547-4b05-adec-1a5e37830d46', 'url': 'https://musicbrainz.org/artist/3cb25fb2-5547-4b05-adec-1a5e37830d46'}], 'homepage': [{'url': 'http://lionelrichie.com/'}]}"
K8vZ917bvf7,Duki,attraction,en-us,"{'youtube': [{'url': 'https://www.youtube.com/channel/UCJUYcEdvnYFGajHBW0Nao3w'}], 'twitter': [{'url': 'https://twitter.com/DukiSSJ'}], 'itunes': [{'url': 'https://music.apple.com/ca/artist/duki/408527217'}], 'spotify': [{'url': 'https://open.spotify.com/artist/1bAftSH8umNcGZ0uyV7LMg?autoplay=true'}], 'instagram': [{'url': 'https://www.instagram.com/dukissj/'}]}"
K8vZ917bvf7,Duki,attraction,en-us,"{'youtube': [{'url': 'https://www.youtube.com/channel/UCJUYcEdvnYFGajHBW0Nao3w'}], 'twitter': [{'url': 'https://twitter.com/DukiSSJ'}], 'itunes': [{'url': 'https://music.apple.com/ca/artist/duki/408527217'}], 'spotify': [{'url': 'https://open.spotify.com/artist/1bAftSH8umNcGZ0uyV7LMg?autoplay=true'}], 'instagram': [{'url': 'https://www.instagram.com/dukissj/'}]}"
K8vZ917bvf7,Duki,attraction,en-us,"{'youtube': [{'url': 'https://www.youtube.com/channel/UCJUYcEdvnYFGajHBW0Nao3w'}], 'twitter': [{'url': 'https://twitter.com/DukiSSJ'}], 'itunes': [{'url': 'https://music.apple.com/ca/artist/duki/408527217'}], 'spotify': [{'url': 'https://open.spotify.com/artist/1bAftSH8umNcGZ0uyV7LMg?autoplay=true'}], 'instagram': [{'url': 'https://www.instagram.com/dukissj/'}]}"
K8vZ917bvf7,Duki,attraction,en-us,"{'youtube': [{'url': 'https://www.youtube.com/channel/UCJUYcEdvnYFGajHBW0Nao3w'}], 'twitter': [{'url': 'https://twitter.com/DukiSSJ'}], 'itunes': [{'url': 'https://music.apple.com/ca/artist/duki/408527217'}], 'spotify': [{'url': 'https://open.spotify.com/artist/1bAftSH8umNcGZ0uyV7LMg?autoplay=true'}], 'instagram': [{'url': 'https://www.instagram.com/dukissj/'}]}"
K8vZ917bvf7,Duki,attraction,en-us,"{'youtube': [{'url': 'https://www.youtube.com/channel/UCJUYcEdvnYFGajHBW0Nao3w'}], 'twitter': [{'url': 'https://twitter.com/DukiSSJ'}], 'itunes': [{'url': 'https://music.apple.com/ca/artist/duki/408527217'}], 'spotify': [{'url': 'https://open.spotify.com/artist/1bAftSH8umNcGZ0uyV7LMg?autoplay=true'}], 'instagram': [{'url': 'https://www.instagram.com/dukissj/'}]}"
K8vZ9171hN7,Jamiroquai,attraction,en-us,"{'youtube': [{'url': 'https://www.youtube.com/user/jamiroquaivideo'}], 'twitter': [{'url': 'https://twitter.com/JamiroquaiHQ'}], 'itunes': [{'url': 'https://music.apple.com/us/artist/jamiroquai/475902'}], 'lastfm': [{'url': 'http://www.last.fm/music/Jamiroquai'}], 'spotify': [{'url': 'https://open.spotify.com/artist/6J7biCazzYhU3gM9j1wfid'}], 'wiki': [{'url': 'https://en.wikipedia.org/wiki/Jamiroquai'}], 'facebook': [{'url': 'https://www.facebook.com/JamiroquaiOfficial'}], 'instagram': [{'url': 'https://www.instagram.com/jamiroquaihq/'}], 'musicbrainz': [{'id': 'f4857fb9-e255-4dc6-bd01-e4ca7cc68544', 'url': 'https://musicbrainz.org/artist/f4857fb9-e255-4dc6-bd01-e4ca7cc68544'}], 'homepage': [{'url': 'https://www.jamiroquai.com'}]}"
K8vZ9171hN7,Jamiroquai,attraction,en-us,"{'youtube': [{'url': 'https://www.youtube.com/user/jamiroquaivideo'}], 'twitter': [{'url': 'https://twitter.com/JamiroquaiHQ'}], 'itunes': [{'url': 'https://music.apple.com/us/artist/jamiroquai/475902'}], 'lastfm': [{'url': 'http://www.last.fm/music/Jamiroquai'}], 'spotify': [{'url': 'https://open.spotify.com/artist/6J7biCazzYhU3gM9j1wfid'}], 'wiki': [{'url': 'https://en.wikipedia.org/wiki/Jamiroquai'}], 'facebook': [{'url': 'https://www.facebook.com/JamiroquaiOfficial'}], 'instagram': [{'url': 'https://www.instagram.com/jamiroquaihq/'}], 'musicbrainz': [{'id': 'f4857fb9-e255-4dc6-bd01-e4ca7cc68544', 'url': 'https://musicbrainz.org/artist/f4857fb9-e255-4dc6-bd01-e4ca7cc68544'}], 'homepage': [{'url': 'https://www.jamiroquai.com'}]}"
K8vZ917Gah0,OneRepublic,attraction,en-us,"{'youtube': [{'url': 'https://www.youtube.com/user/OneRepublicVEVO'}], 'twitter': [{'url': 'https://twitter.com/OneRepublic'}], 'itunes': [{'url': 'https://music.apple.com/us/artist/onerepublic/260414340'}], 'lastfm': [{'url': 'http://www.last.fm/music/OneRepublic'}], 'spotify': [{'url': 'https://open.spotify.com/artist/5Pwc4xIPtQLFEnJriah9YJ?autoplay=true'}], 'wiki': [{'url': 'https://en.wikipedia.org/wiki/OneRepublic'}], 'facebook': [{'url': 'https://www.facebook.com/OneRepublic'}], 'musicbrainz': [{'id': 'c33c2065-b1c3-4406-b066-d33a9e2ea71a', 'url': 'https://musicbrainz.org/artist/c33c2065-b1c3-4406-b066-d33a9e2ea71a'}], 'instagram': [{'url': 'http://instagram.com/onerepublic'}], 'homepage': [{'url': 'https://onerepublic.com/'}]}"
K8vZ917Gah0,OneRepublic,attraction,en-us,"{'youtube': [{'url': 'https://www.youtube.com/user/OneRepublicVEVO'}], 'twitter': [{'url': 'https://twitter.com/OneRepublic'}], 'itunes': [{'url': 'https://music.apple.com/us/artist/onerepublic/260414340'}], 'lastfm': [{'url': 'http://www.last.fm/music/OneRepublic'}], 'spotify': [{'url': 'https://open.spotify.com/artist/5Pwc4xIPtQLFEnJriah9YJ?autoplay=true'}], 'wiki': [{'url': 'https://en.wikipedia.org/wiki/OneRepublic'}], 'facebook': [{'url': 'https://www.facebook.com/OneRepublic'}], 'musicbrainz': [{'id': 'c33c2065-b1c3-4406-b066-d33a9e2ea71a', 'url': 'https://musicbrainz.org/artist/c33c2065-b1c3-4406-b066-d33a9e2ea71a'}], 'instagram': [{'url': 'http://instagram.com/onerepublic'}], 'homepage': [{'url': 'https://onerepublic.com/'}]}"
